{"\u03b5": ["\u03b5"], "ID": ["ID"], ";": [";"], "[": ["["], "NUM": ["NUM"], "]": ["]"], "(": ["("], ")": [")"], "int": ["int"], "void": ["void"], ",": [","], "{": ["{"], "}": ["}"], "break": ["break"], "if": ["if"], "else": ["else"], "while": ["while"], "return": ["return"], "=": ["="], "<": ["<"], "==": ["=="], "+": ["+"], "-": ["-"], "*": ["*"], "DeclarationList": ["int", "void", "\u03b5"], "VarDeclarationPrime": [";", "["], "FunDeclarationPrime": ["("], "TypeSpecifier": ["int", "void"], "Params": ["int", "void"], "ParamList": [",", "\u03b5"], "ParamPrime": ["[", "\u03b5"], "CompoundStmt": ["{"], "StatementList": ["ID", ";", "NUM", "(", "{", "break", "if", "while", "return", "+", "-", "\u03b5"], "ExpressionStmt": ["ID", ";", "NUM", "(", "break", "+", "-"], "SelectionStmt": ["if"], "IterationStmt": ["while"], "ReturnStmt": ["return"], "ReturnStmtPrime": ["ID", ";", "NUM", "(", "+", "-"], "Expression": ["ID", "NUM", "(", "+", "-"], "B": ["[", "(", "=", "<", "==", "+", "-", "*", "\u03b5"], "H": ["=", "<", "==", "+", "-", "*", "\u03b5"], "C": ["<", "==", "\u03b5"], "Relop": ["<", "=="], "D": ["+", "-", "\u03b5"], "Addop": ["+", "-"], "G": ["*", "\u03b5"], "SignedFactor": ["ID", "NUM", "(", "+", "-"], "SignedFactorZegond": ["NUM", "(", "+", "-"], "Factor": ["ID", "NUM", "("], "VarCallPrime": ["[", "(", "\u03b5"], "VarPrime": ["[", "\u03b5"], "FactorPrime": ["(", "\u03b5"], "FactorZegond": ["NUM", "("], "Args": ["ID", "NUM", "(", "+", "-", "\u03b5"], "ArgListPrime": [",", "\u03b5"], "DeclarationInitial": ["int", "void"], "DeclarationPrime": [";", "[", "("], "SignedFactorPrime": ["(", "\u03b5"], "Declaration": ["int", "void"], "Param": ["int", "void"], "Term": ["ID", "NUM", "(", "+", "-"], "TermPrime": ["(", "*", "\u03b5"], "TermZegond": ["NUM", "(", "+", "-"], "AdditiveExpression": ["ID", "NUM", "(", "+", "-"], "AdditiveExpressionZegond": ["NUM", "(", "+", "-"], "Program": ["int", "void", "\u03b5"], "SimpleExpressionZegond": ["NUM", "(", "+", "-"], "AdditiveExpressionPrime": ["(", "+", "-", "*", "\u03b5"], "SimpleExpressionPrime": ["(", "<", "==", "+", "-", "*", "\u03b5"], "ArgList": ["ID", "NUM", "(", "+", "-"], "Statement": ["ID", ";", "NUM", "(", "{", "break", "if", "while", "return", "+", "-"]}