{"Program": ["EOF"], "DeclarationList": ["ID", ";", "NUM", "(", "{", "}", "break", "if", "while", "return", "+", "-", "EOF"], "Declaration": ["ID", ";", "NUM", "(", "int", "void", "{", "}", "break", "if", "while", "return", "+", "-", "EOF"], "DeclarationInitial": [";", "[", "(", ")", ","], "DeclarationPrime": ["ID", ";", "NUM", "(", "int", "void", "{", "}", "break", "if", "while", "return", "+", "-", "EOF"], "VarDeclarationPrime": ["ID", ";", "NUM", "(", "int", "void", "{", "}", "break", "if", "while", "return", "+", "-", "EOF"], "FunDeclarationPrime": ["ID", ";", "NUM", "(", "int", "void", "{", "}", "break", "if", "while", "return", "+", "-", "EOF"], "TypeSpecifier": ["ID"], "Params": [")"], "ParamList": [")"], "Param": [")", ","], "ParamPrime": [")", ","], "CompoundStmt": ["ID", ";", "NUM", "(", "int", "void", "{", "}", "break", "if", "else", "while", "return", "+", "-", "EOF"], "StatementList": ["}"], "Statement": ["ID", ";", "NUM", "(", "{", "}", "break", "if", "else", "while", "return", "+", "-"], "ExpressionStmt": ["ID", ";", "NUM", "(", "{", "}", "break", "if", "else", "while", "return", "+", "-"], "SelectionStmt": ["ID", ";", "NUM", "(", "{", "}", "break", "if", "else", "while", "return", "+", "-"], "IterationStmt": ["ID", ";", "NUM", "(", "{", "}", "break", "if", "else", "while", "return", "+", "-"], "ReturnStmt": ["ID", ";", "NUM", "(", "{", "}", "break", "if", "else", "while", "return", "+", "-"], "ReturnStmtPrime": ["ID", ";", "NUM", "(", "{", "}", "break", "if", "else", "while", "return", "+", "-"], "Expression": [";", "]", ")", ","], "B": [";", "]", ")", ","], "H": [";", "]", ")", ","], "SimpleExpressionZegond": [";", "]", ")", ","], "SimpleExpressionPrime": [";", "]", ")", ","], "C": [";", "]", ")", ","], "Relop": ["ID", "NUM", "(", "+", "-"], "AdditiveExpression": [";", "]", ")", ","], "AdditiveExpressionPrime": [";", "]", ")", ",", "<", "=="], "AdditiveExpressionZegond": [";", "]", ")", ",", "<", "=="], "D": [";", "]", ")", ",", "<", "=="], "Addop": ["ID", "NUM", "(", "+", "-"], "Term": [";", "]", ")", ",", "<", "==", "+", "-"], "TermPrime": [";", "]", ")", ",", "<", "==", "+", "-"], "TermZegond": [";", "]", ")", ",", "<", "==", "+", "-"], "G": [";", "]", ")", ",", "<", "==", "+", "-"], "SignedFactor": [";", "]", ")", ",", "<", "==", "+", "-", "*"], "SignedFactorPrime": [";", "]", ")", ",", "<", "==", "+", "-", "*"], "SignedFactorZegond": [";", "]", ")", ",", "<", "==", "+", "-", "*"], "Factor": [";", "]", ")", ",", "<", "==", "+", "-", "*"], "VarCallPrime": [";", "]", ")", ",", "<", "==", "+", "-", "*"], "VarPrime": [";", "]", ")", ",", "<", "==", "+", "-", "*"], "FactorPrime": [";", "]", ")", ",", "<", "==", "+", "-", "*"], "FactorZegond": [";", "]", ")", ",", "<", "==", "+", "-", "*"], "Args": [")"], "ArgList": [")"], "ArgListPrime": [")"]}