{"1": ["Program", ["DeclarationList"], ["int", "void"]], "2": ["DeclarationList", ["Declaration", "DeclarationList"], ["int", "void"]], "3": ["DeclarationList", ["\u03b5"], ["break", ";", "ID", "+", "-", "(", "NUM", "if", "return", "{", "while", "$"]], "4": ["Declaration", ["DeclarationInitial", "DeclarationPrime"], ["int", "void"]], "5": ["DeclarationInitial", ["TypeSpecifier", "ID"], ["int", "void"]], "6": ["DeclarationPrime", ["FunDeclarationPrime"], ["("]], "7": ["DeclarationPrime", ["VarDeclarationPrime"], [";,"]], "8": ["VarDeclarationPrime", [";"], [";"]], "9": ["VarDeclarationPrime", ["[", "NUM", "]", ";"], []], "10": ["FunDeclarationPrime", ["(", "Params", ")", "CompoundStmt"], ["("]], "11": ["TypeSpecifier", ["int"], ["int"]], "12": ["TypeSpecifier", ["void"], ["void"]], "13": ["Params", ["int", "ID", "ParamPrime", "ParamList"], ["int"]], "14": ["Params", ["void"], ["void"]], "15": ["ParamList", [",", "Param", "ParamList"], [","]], "16": ["ParamList", ["\u03b5"], [")"]], "17": ["Param", ["DeclarationInitial", "ParamPrime"], ["int", "void"]], "18": ["ParamPrime", ["[", "]"], []], "19": ["ParamPrime", ["\u03b5"], [",", ")"]], "20": ["CompoundStmt", ["{", "DeclarationList", "StatementList", "}"], ["{"]], "21": ["StatementList", ["Statement", "StatementList"], ["break", ";", "ID", "+", "-", "(", "NUM", "if", "return", "{", "while"]], "22": ["StatementList", ["\u03b5"], ["}"]], "23": ["Statement", ["ExpressionStmt"], ["break", ";", "ID", "+", "-", "(", "NUM"]], "24": ["Statement", ["CompoundStmt"], ["{"]], "25": ["Statement", ["SelectionStmt"], ["if"]], "26": ["Statement", ["IterationStmt"], ["while"]], "27": ["Statement", ["ReturnStmt"], ["return"]], "28": ["ExpressionStmt", ["Expression", ";"], ["ID", "+", "-", "(", "NUM"]], "29": ["ExpressionStmt", ["break", ";"], ["break"]], "30": ["ExpressionStmt", [";"], [";"]], "31": ["SelectionStmt", ["if", "(", "Expression", ")", "Statement", "else", "Statement"], ["if"]], "32": ["IterationStmt", ["while", "(", "Expression", ")", "Statement"], ["while"]], "33": ["ReturnStmt", ["return", "ReturnStmtPrime"], ["return"]], "34": ["ReturnStmtPrime", [";"], [";"]], "35": ["ReturnStmtPrime", ["Expression", ";"], ["ID", "+", "-", "(", "NUM"]], "36": ["Expression", ["SimpleExpressionZegond"], ["+", "-", "(", "NUM"]], "37": ["Expression", ["ID", "B"], ["ID"]], "38": ["B", ["=", "Expression"], ["="]], "39": ["B", ["[", "Expression", "]", "H"], []], "40": ["B", ["SimpleExpressionPrime"], ["(", "*", "+", "-", "<", "=="]], "41": ["H", ["=", "Expression"], ["="]], "42": ["H", ["G", "D", "C"], ["*", "+", "-", "<", "=="]], "43": ["SimpleExpressionZegond", ["AdditiveExpressionZegond", "C"], ["+", "-", "(", "NUM"]], "44": ["SimpleExpressionPrime", ["AdditiveExpressionPrime", "C"], ["(", "*", "+", "-", "<", "=="]], "45": ["C", ["Relop", "AdditiveExpression"], ["<", "=="]], "46": ["C", ["\u03b5"], [",", ")", "", ";"]], "47": ["Relop", ["<"], ["<"]], "48": ["Relop", ["=="], ["=="]], "49": ["AdditiveExpression", ["Term", "D"], ["+", "-", "(", "ID", "NUM"]], "50": ["AdditiveExpressionPrime", ["TermPrime", "D"], ["(", "*", "+", "-"]], "51": ["AdditiveExpressionZegond", ["TermZegond", "D"], ["+", "-", "(", "NUM"]], "52": ["D", ["Addop", "Term", "D"], ["+", "-"]], "53": ["D", ["\u03b5"], ["<", "==", ",", ")", "", ";"]], "54": ["Addop", ["+"], ["+"]], "55": ["Addop", ["-"], ["-"]], "56": ["Term", ["SignedFactor", "G"], ["+", "-", "(", "ID", "NUM"]], "57": ["TermPrime", ["SignedFactorPrime", "G"], ["(", "*"]], "58": ["TermZegond", ["SignedFactorZegond", "G"], ["+", "-", "(", "NUM"]], "59": ["G", ["*", "SignedFactor", "G"], ["*"]], "60": ["G", ["\u03b5"], ["<", "==", "+", "-", ",", ")", "", ";"]], "61": ["SignedFactor", ["+", "Factor"], ["+"]], "62": ["SignedFactor", ["-", "Factor"], ["-"]], "63": ["SignedFactor", ["Factor"], ["(", "ID", "NUM"]], "64": ["SignedFactorPrime", ["FactorPrime"], ["("]], "65": ["SignedFactorZegond", ["+", "Factor"], ["+"]], "66": ["SignedFactorZegond", ["-", "Factor"], ["-"]], "67": ["SignedFactorZegond", ["FactorZegond"], ["(", "NUM"]], "68": ["Factor", ["(", "Expression", ")"], ["("]], "69": ["Factor", ["ID", "VarCallPrime"], ["ID"]], "70": ["Factor", ["NUM"], ["NUM"]], "71": ["VarCallPrime", ["(", "Args", ")"], ["("]], "72": ["VarCallPrime", ["VarPrime"], []], "73": ["VarPrime", ["[", "Expression", "]"], []], "74": ["VarPrime", ["\u03b5"], ["*", "+", "-", "<", "==", ",", ")", "", ";"]], "75": ["FactorPrime", ["(", "Args", ")"], ["("]], "76": ["FactorPrime", ["\u03b5"], ["*", "+", "-", "<", "==", ",", ")", "", ";"]], "77": ["FactorZegond", ["(", "Expression", ")"], ["("]], "78": ["FactorZegond", ["NUM"], ["NUM"]], "79": ["Args", ["ArgList"], ["ID", "+", "-", "(", "NUM"]], "80": ["Args", ["\u03b5"], [")"]], "81": ["ArgList", ["Expression", "ArgListPrime"], ["ID", "+", "-", "(", "NUM"]], "82": ["ArgListPrime", [",", "Expression", "ArgListPrime"], [","]], "83": ["ArgListPrime", ["\u03b5"], [")"]]}